"loan_account_id","registration_date","registration_time","loan_default"
"202404020003","20240514","142728","Yes"
"202404030004","20240412","114513","Yes"
"202404030007","20240421","140555","Yes"
"202404040005","20240629","131011","Yes"
"202404060001","20240413","143428","Yes"
"202404060003","20240407","101052","Yes"
"202404060004","20240606","115520","Yes"
"202404070001","20240611","095512","Yes"
"202404080002","20240427","132149","Yes"
"202404130002","20240703","095512","Yes"
"202404170003","20240507","131011","Yes"
"202404180007","20240609","153549","Yes"
"202404210006","20240705","131421","Yes"
"202404220008","20240611","154707","Yes"
"202404220011","20240506","114513","Yes"
"202404230001","20240425","095512","Yes"
"202404230003","20240616","140555","Yes"
"202404240001","20240515","103050","Yes"
"202404240002","20240622","111550","Yes"
"202404250001","20240618","142728","Yes"
"202404250002","20240509","103050","Yes"
"202404260008","20240515","131011","Yes"
"202404270001","20240524","095512","Yes"
"202404270003","20240601","101052","Yes"
"202404280002","20240507","103050","Yes"
"202405090001","20240609","114513","Yes"
"202405140006","20240530","103050","Yes"
"202405150006","20240607","131011","Yes"
"202405170003","20240726","143428","Yes"
"202405190004","20240617","095512","Yes"
"202405200003","20240601","132149","Yes"
"202405210005","20240601","152512","Yes"
"202405220001","20240718","111550","Yes"
"202405230001","20240714","101052","Yes"
"202405240004","20240808","154707","Yes"
"202405270002","20240705","114513","Yes"
"202405270003","20240711","101052","Yes"
"202405280007","20240813","101052","Yes"
"202405310005","20240614","152512","Yes"
"202405310006","20240605","140555","Yes"
"202406010003","20240705","131011","Yes"
"202406060002","20240811","152512","Yes"
"202406060004","20240701","143428","Yes"
"202406070001","20240726","132149","Yes"
"202406090001","20240609","153549","Yes"
"202406100002","20240702","101052","Yes"
"202406110003","20240711","114513","Yes"
"202406130004","20240627","142728","Yes"
"202406150001","20240831","142728","Yes"
"202406150002","20240901","153549","Yes"
"202406150005","20240703","111550","Yes"
"202406160002","20240813","132149","Yes"
"202406160003","20240816","101052","Yes"
"202406170001","20240718","152512","Yes"
"202406190007","20240714","153549","Yes"
"202406190008","20240717","095512","Yes"
"202406200001","20240903","153549","Yes"
"202406230004","20240808","132149","Yes"
"202406240002","20240624","142728","Yes"
"202406240003","20240628","101052","Yes"
"202406240005","20240814","115520","Yes"
"202406250001","20240831","132149","Yes"
"202406270003","20240831","131011","Yes"
"202406270004","20240805","154707","Yes"
"202406280004","20240807","142728","Yes"
"202406280006","20240828","095512","Yes"
"202406290005","20240709","143428","Yes"
"202406300001","20240704","153549","Yes"
"202407010002","20240918","103050","Yes"
"202407010004","20240824","131011","Yes"
"202407030004","20240819","152512","Yes"
"202407030006","20240921","131421","Yes"
"202407040002","20240912","131011","Yes"
"202407040004","20240908","101052","Yes"
"202407050003","20240815","153549","Yes"
"202407070002","20240926","131011","Yes"
"202407070003","20240731","140555","Yes"
"202407080001","20240807","154707","Yes"
"202407080003","20240917","153549","Yes"
"202407080005","20240904","101052","Yes"
"202407090002","20240820","131011","Yes"
"202407090003","20240725","111550","Yes"
"202407090007","20240928","153549","Yes"
"202407100001","20240710","101052","Yes"
"202407100002","20240929","095512","Yes"
"202407110001","20240804","132149","Yes"
"202407110002","20240812","142728","Yes"
"202407130004","20240828","131011","Yes"
"202407140002","20240815","140555","Yes"
"202407180003","20240920","131011","Yes"
"202407190004","20240728","154707","Yes"
"202407190006","20240925","143428","Yes"
"202407210001","20240828","114513","Yes"
"202407210002","20241001","154707","Yes"
"202407230001","20241005","152512","Yes"
"202407250005","20240906","131011","Yes"
"202407270001","20240823","101052","Yes"
"202407280001","20241020","114513","Yes"
"202407280002","20240810","101052","Yes"
"202407280005","20240817","095512","Yes"
"202407300004","20240831","115520","Yes"
"202407310002","20240914","131421","Yes"
"202408010004","20240904","115520","Yes"
"202408020004","20241023","114513","Yes"
"202408040008","20240820","111550","Yes"
"202408060006","20240813","131011","Yes"
"202408070002","20241006","154707","Yes"
"202408090002","20240913","115520","Yes"
"202408120002","20240929","131011","Yes"
"202408150001","20241003","143428","Yes"
"202408150002","20240831","103050","Yes"
"202408150006","20240928","152512","Yes"
"202408150007","20240815","132149","Yes"
"202408150008","20241111","154707","Yes"
"202408150009","20240825","131011","Yes"
"202408160003","20241028","154707","Yes"
"202408180002","20240829","154707","Yes"
"202408190002","20241029","142728","Yes"
"202408190004","20241112","131011","Yes"
"202408200004","20240925","152512","Yes"
"202408200005","20240908","132149","Yes"
"202408210001","20240906","142728","Yes"
"202408210003","20241002","154707","Yes"
"202408210004","20241009","101052","Yes"
"202408210005","20241114","131011","Yes"
"202408230002","20241021","131011","Yes"
"202408230004","20240919","101052","Yes"
"202408240001","20241017","095512","Yes"
"202408240006","20241105","140555","Yes"
"202408250003","20240830","095512","Yes"
"202408260003","20240929","103050","Yes"
"202408290005","20240908","142728","Yes"
"202408290006","20240903","131421","Yes"
"202408300008","20241025","131011","Yes"
"202408310002","20241104","114513","Yes"
"202409020006","20241031","114513","Yes"
"202409030004","20241027","103050","Yes"
"202409030005","20241117","101052","Yes"
"202409080002","20241027","131421","Yes"
"202409110002","20241129","101052","Yes"
"202409120004","20241006","142728","Yes"
"202409120005","20241104","154707","Yes"
"202409130002","20241127","101052","Yes"
"202409140002","20240914","142728","Yes"
"202409140003","20241020","152512","Yes"
"202409160005","20241014","142728","Yes"
"202409160006","20241012","095512","Yes"
"202409170002","20241011","115520","Yes"
"202409170004","20240918","143428","Yes"
"202409180002","20241104","114513","Yes"
"202409190001","20241211","095512","Yes"
"202409190004","20241118","153549","Yes"
"202409190005","20241116","131011","Yes"
"202409210005","20241104","101052","Yes"
"202409220001","20240923","142728","Yes"
"202409220005","20241113","115520","Yes"
"202409230001","20241216","111550","Yes"
"202409250002","20241012","140555","Yes"
"202409260002","20241205","095512","Yes"
"202409270005","20241222","101052","Yes"
"202409270008","20241216","103050","Yes"
"202409280001","20240928","111550","Yes"
"202409280002","20241024","103050","Yes"
"202409280005","20241025","114513","Yes"
"202409290007","20241103","131011","Yes"
"202409290008","20241031","154707","Yes"
"202409290009","20241102","143428","Yes"
"202410010002","20241203","153549","Yes"
"202410010005","20241109","140555","Yes"
"202410020006","20241119","132149","Yes"
"202410040003","20241229","154707","Yes"
"202410040006","20241224","152512","Yes"
"202410070003","20241130","114513","Yes"
"202410080002","20241025","142728","Yes"
"202410120006","20241127","142728","Yes"
"202410130004","20241204","140555","Yes"
"202410140001","20241113","132149","Yes"
"202410140003","20241023","103050","Yes"
"202410150002","20241116","131421","Yes"
"202410150005","20241202","095512","Yes"
"202410150006","20241204","143428","Yes"
"202410170001","20241222","131011","Yes"
"202410170004","20241113","142728","Yes"
"202410180003","20241029","101052","Yes"
"202410180004","20241116","131421","Yes"
"202410190002","20241206","114513","Yes"
"202410210001","20250107","152512","Yes"
"202410220001","20241207","142728","Yes"
"202410220003","20250115","095512","Yes"
"202410230001","20241208","143428","Yes"
"202410230005","20250114","152512","Yes"
"202410230009","20241224","153549","Yes"
"202410250002","20250113","114513","Yes"
"202410250004","20241117","114513","Yes"
"202410270001","20241118","131011","Yes"
"202410270004","20241111","131011","Yes"
"202410280004","20241031","152512","Yes"
"202410280007","20241212","101052","Yes"
"202410290002","20241220","111550","Yes"
"202410290007","20241101","095512","Yes"
"202410290008","20241110","131421","Yes"
"202410310002","20241126","095512","Yes"
"202411010001","20241120","114513","Yes"
"202411010003","20250111","115520","Yes"
"202411010004","20241202","132149","Yes"
"202411030002","20241103","140555","Yes"
"202411030004","20241212","115520","Yes"
"202411050006","20241127","131011","Yes"
"202411060004","20241206","154707","Yes"
"202411060005","20241223","142728","Yes"
"202411060006","20250124","111550","Yes"
"202411070001","20241219","101052","Yes"
"202411090003","20250127","153549","Yes"
"202411090004","20241218","132149","Yes"
"202411100004","20250101","114513","Yes"
"202411100006","20241216","103050","Yes"
"202411100007","20250111","154707","Yes"
"202411100008","20241215","103050","Yes"
"202411100010","20250201","095512","Yes"
"202411110002","20241220","114513","Yes"
"202411120003","20241129","152512","Yes"
"202411150003","20241219","101052","Yes"
"202411170004","20241220","095512","Yes"
"202411180001","20241224","114513","Yes"
"202411190005","20241210","101052","Yes"
"202411200001","20250110","101052","Yes"
"202411210005","20241227","111550","Yes"
"202411220001","20250120","143428","Yes"
"202411230003","20250124","111550","Yes"
"202411250003","20250211","095512","Yes"
"202411270003","20241128","115520","Yes"
"202411280001","20250218","143428","Yes"
"202411290003","20241222","114513","Yes"
"202412010002","20250203","095512","Yes"
"202412010003","20250225","142728","Yes"
"202412010006","20250205","152512","Yes"
"202412020002","20241216","111550","Yes"
"202412040003","20250212","101052","Yes"
"202412040004","20250107","132149","Yes"
"202412040005","20250122","111550","Yes"
"202412040009","20241212","143428","Yes"
"202412060001","20241218","142728","Yes"
"202412070005","20250125","142728","Yes"
"202412090003","20241227","115520","Yes"
"202412090004","20241226","114513","Yes"
"202412090005","20250216","152512","Yes"
"202412100001","20250222","101052","Yes"
"202412100006","20241219","153549","Yes"
"202412110008","20250220","152512","Yes"
"202412120001","20250304","101052","Yes"
"202412130005","20250222","142728","Yes"
"202412140003","20250131","103050","Yes"
"202412150002","20250126","114513","Yes"
"202412150006","20250215","131011","Yes"
"202412160003","20250130","152512","Yes"
"202412170003","20250228","142728","Yes"
"202412200002","20250221","131011","Yes"
"202412220004","20250312","142728","Yes"
"202412230004","20250207","114513","Yes"
"202412260002","20250121","103050","Yes"
"202412270002","20250102","140555","Yes"
"202412290002","20250119","140555","Yes"
"202412290003","20250327","114513","Yes"
"202412300003","20250222","152512","Yes"
"202412300005","20250129","143428","Yes"
"202412300006","20250210","095512","Yes"
"202412310004","20250213","095512","Yes"
"202412310005","20250321","131011","Yes"
"202501020002","20250322","095512","Yes"
"202501030008","20250319","154707","Yes"
"202501030009","20250105","153549","Yes"
"202501060004","20250327","131011","Yes"
"202501080002","20250130","114513","Yes"
"202501090003","20250125","152512","Yes"
"202501090007","20250403","131011","Yes"
"202501090010","20250406","131011","Yes"
"202501100003","20250317","101052","Yes"
"202501140001","20250131","101052","Yes"
"202501140002","20250308","114513","Yes"
"202501170006","20250407","115520","Yes"
"202501190001","20250212","095512","Yes"
"202501190002","20250124","152512","Yes"
"202501210001","20250417","131011","Yes"
"202501290001","20250311","101052","Yes"
"202501290002","20250324","095512","Yes"
"202501290004","20250129","115520","Yes"
"202502010003","20250313","115520","Yes"
"202502030001","20250329","131421","Yes"
"202502060001","20250320","111550","Yes"
"202502060002","20250219","131011","Yes"
"202502060003","20250314","153549","Yes"
"202502070002","20250214","140555","Yes"
"202502080002","20250317","142728","Yes"
"202502090002","20250226","152512","Yes"
"202502090003","20250216","152512","Yes"
"202502120002","20250307","153549","Yes"
"202502140002","20250414","131421","Yes"
"202502160004","20250306","115520","Yes"
"202502170001","20250226","114513","Yes"
"202502170004","20250408","132149","Yes"
"202502180001","20250510","101052","Yes"
"202502200001","20250316","114513","Yes"
"202502230004","20250505","143428","Yes"
"202502240003","20250503","142728","Yes"
"202502260003","20250407","132149","Yes"
"202502280001","20250506","101052","Yes"
"202502280002","20250307","142728","Yes"
"202502280006","20250414","131011","Yes"
"202502280007","20250408","111550","Yes"
"202503010001","20250311","140555","Yes"
"202503010002","20250320","140555","Yes"
"202503020004","20250319","142728","Yes"
"202503050001","20250515","143428","Yes"
"202503060003","20250423","154707","Yes"
"202503080001","20250318","101052","Yes"
"202503100003","20250516","103050","Yes"
"202503100004","20250416","154707","Yes"
"202503100005","20250601","154707","Yes"
"202503110004","20250424","152512","Yes"
"202503110005","20250421","142728","Yes"
"202503120001","20250428","103050","Yes"
"202503120005","20250501","101052","Yes"
"202503130005","20250425","152512","Yes"
"202503130007","20250404","131011","Yes"
"202503140001","20250517","101052","Yes"
"202503140002","20250422","143428","Yes"
"202503160006","20250519","131011","Yes"
"202503170001","20250323","142728","Yes"
"202503180004","20250427","131011","Yes"
"202503180007","20250605","152512","Yes"
"202503190003","20250401","140555","Yes"
"202503190004","20250408","143428","Yes"
"202503230001","20250419","131421","Yes"
"202503230003","20250601","152512","Yes"
"202503240003","20250407","101052","Yes"
"202503250001","20250514","152512","Yes"
"202503250005","20250509","152512","Yes"
"202503270006","20250612","131011","Yes"
"202503270007","20250622","114513","Yes"
"202503270008","20250622","131011","Yes"
"202503280001","20250608","131421","Yes"
"202504010003","20250525","153549","Yes"
"202504020003","20250412","143428","Yes"
"202504050006","20250519","132149","Yes"
"202504050009","20250526","111550","Yes"
"202504060002","20250411","103050","Yes"
"202504080006","20250628","154707","Yes"
"202504090003","20250621","132149","Yes"
"202504100002","20250518","153549","Yes"
"202504100003","20250622","114513","Yes"
"202504110006","20250612","152512","Yes"
"202504120001","20250512","111550","Yes"
"202504120003","20250703","131011","Yes"
"202504130003","20250601","115520","Yes"
"202504140001","20250506","101052","Yes"
"202504140002","20250612","095512","Yes"
"202504140003","20250603","115520","Yes"
"202504150007","20250703","115520","Yes"
"202504200001","20250605","095512","Yes"
"202504210004","20250621","131011","Yes"
"202504210006","20250715","101052","Yes"
"202504230003","20250525","115520","Yes"
"202504230005","20250622","095512","Yes"
"202504240001","20250525","101052","Yes"
"202504240003","20250429","153549","Yes"
"202504240006","20250620","154707","Yes"
"202504240007","20250425","132149","Yes"
"202504250002","20250708","101052","Yes"
"202504250003","20250719","142728","Yes"
"202504260003","20250429","103050","Yes"
"202504260004","20250511","152512","Yes"
"202504270002","20250719","143428","Yes"
"202504280003","20250601","142728","Yes"
"202504300001","20250511","131011","Yes"
"202505010001","20250708","142728","Yes"
"202505010005","20250513","103050","Yes"
"202505030003","20250730","140555","Yes"
"202505030004","20250528","152512","Yes"
"202505050003","20250716","154707","Yes"
"202505060001","20250716","131421","Yes"
"202505060003","20250705","140555","Yes"
"202505060005","20250714","154707","Yes"
"202505090003","20250606","095512","Yes"
"202505090004","20250629","111550","Yes"
"202505090006","20250726","132149","Yes"
"202505090009","20250618","114513","Yes"
"202505100002","20250511","132149","Yes"
"202505110001","20250711","132149","Yes"
"202505110002","20250618","101052","Yes"
"202505110005","20250610","103050","Yes"
"202505140002","20250806","131011","Yes"
"202505140004","20250518","142728","Yes"
"202505160003","20250805","131421","Yes"
"202505170001","20250626","101052","Yes"
"202505170003","20250621","111550","Yes"
"202505200003","20250629","103050","Yes"
"202505200005","20250704","131421","Yes"
"202505220003","20250615","115520","Yes"
"202505220004","20250725","111550","Yes"
"202505230001","20250728","142728","Yes"
"202505230003","20250615","140555","Yes"
"202505230006","20250705","131011","Yes"
"202505270006","20250726","132149","Yes"
"202505290001","20250608","131011","Yes"
"202505300003","20250823","131011","Yes"
"202505310009","20250826","140555","Yes"
"202506020003","20250705","140555","Yes"
"202506030001","20250816","142728","Yes"
"202506030004","20250706","152512","Yes"
"202506040006","20250821","142728","Yes"
"202506070005","20250701","152512","Yes"
"202506080004","20250707","154707","Yes"
"202506110004","20250806","154707","Yes"
"202506120005","20250811","131421","Yes"
"202506130001","20250816","153549","Yes"
"202506130002","20250831","152512","Yes"
"202506140001","20250907","114513","Yes"
"202506150001","20250905","095512","Yes"
"202506150002","20250625","114513","Yes"
"202506170001","20250729","131011","Yes"
"202506170003","20250811","132149","Yes"
"202506180001","20250618","142728","Yes"
"202506180004","20250828","131011","Yes"
"202506190002","20250712","143428","Yes"
"202506190003","20250721","131421","Yes"
"202506200001","20250915","103050","Yes"
"202506230003","20250725","154707","Yes"
"202506250006","20250723","154707","Yes"
"202506270003","20250911","111550","Yes"
"202506280001","20250707","111550","Yes"
"202506290002","20250721","131421","Yes"
"202507010004","20250923","101052","Yes"
"202507020002","20250923","131011","Yes"
"202507030001","20250708","152512","Yes"
"202507030006","20250715","101052","Yes"
"202507030007","20250818","131421","Yes"
"202507040002","20250712","152512","Yes"
"202507040003","20250719","111550","Yes"
"202507040004","20250916","142728","Yes"
"202507040007","20250718","152512","Yes"
"202507040012","20250712","115520","Yes"
"202507060001","20250914","132149","Yes"
"202507060005","20251001","132149","Yes"
"202507060010","20250922","103050","Yes"
"202507070004","20250914","132149","Yes"
"202507080005","20251001","154707","Yes"
"202507080008","20250720","115520","Yes"
"202507090001","20250812","114513","Yes"
"202507100004","20250711","152512","Yes"
"202507120002","20250930","153549","Yes"
"202507120006","20250810","154707","Yes"
"202507130002","20250821","114513","Yes"
"202507130007","20251009","154707","Yes"
"202507140007","20250719","103050","Yes"
"202507150004","20251004","101052","Yes"
"202507170004","20250811","142728","Yes"
"202507180003","20250824","101052","Yes"
"202507180007","20250922","111550","Yes"
"202507200001","20250723","131011","Yes"
"202507210002","20250922","140555","Yes"
"202507230001","20250827","114513","Yes"
"202507240001","20250906","111550","Yes"
"202507240006","20250807","111550","Yes"
"202507260002","20250919","111550","Yes"
"202507270001","20250904","142728","Yes"
"202507270008","20251006","131011","Yes"
"202508020001","20250924","111550","Yes"
"202508020005","20251029","153549","Yes"
"202508020013","20251019","140555","Yes"
"202508020015","20250811","131421","Yes"
"202508030001","20251005","143428","Yes"
"202508030002","20250818","142728","Yes"
"202508050002","20250812","152512","Yes"
"202508050003","20250824","153549","Yes"
"202508050010","20250824","103050","Yes"
"202508060001","20250812","114513","Yes"
"202508080002","20250815","140555","Yes"
"202508080004","20250830","095512","Yes"
"202508090002","20251021","154707","Yes"
"202508100003","20250927","152512","Yes"
"202508100004","20251016","140555","Yes"
"202508100005","20250824","132149","Yes"
"202508100006","20250830","132149","Yes"
"202508110002","20251008","111550","Yes"
"202508110004","20251002","143428","Yes"
"202508130001","20250917","152512","Yes"
"202508140001","20251020","132149","Yes"
"202508140002","20251002","152512","Yes"
"202508150004","20251017","114513","Yes"
"202508150005","20250830","152512","Yes"
"202508150007","20251028","095512","Yes"
"202508160003","20250921","131011","Yes"
"202508170001","20251012","111550","Yes"
"202508180002","20250913","152512","Yes"
"202508190003","20250822","111550","Yes"
"202508200003","20250826","140555","Yes"
"202508220002","20251016","153549","Yes"
"202508230003","20251009","114513","Yes"
"202508240001","20251031","153549","Yes"
"202508270005","20250831","114513","Yes"
"202508270008","20251027","142728","Yes"
"202508270009","20251018","152512","Yes"
"202508280002","20250930","115520","Yes"
"202508290003","20251014","103050","Yes"
"202508290007","20251019","103050","Yes"
"202508300006","20251024","101052","Yes"
"202509010001","20250915","142728","Yes"
"202509020004","20251017","142728","Yes"
"202509020006","20250915","143428","Yes"
"202509040002","20251020","095512","Yes"
"202509060002","20251105","131011","Yes"
"202509070001","20251124","101052","Yes"
"202509070005","20251114","154707","Yes"
"202509080002","20251027","103050","Yes"
"202509080003","20251127","143428","Yes"
"202509080005","20251025","132149","Yes"
"202509090006","20251113","131011","Yes"
"202509120004","20251122","131421","Yes"
"202509130002","20250922","131421","Yes"
"202509130004","20251207","152512","Yes"
"202509150005","20250922","101052","Yes"
"202509160004","20251030","131011","Yes"
"202509160005","20251105","114513","Yes"
"202509160008","20251119","154707","Yes"
"202509180001","20251109","140555","Yes"
"202509190003","20251015","143428","Yes"
"202509190004","20251107","114513","Yes"
"202509210002","20250923","142728","Yes"
"202509220001","20251017","142728","Yes"
"202509250001","20250927","152512","Yes"
"202509250004","20250925","153549","Yes"
"202509290002","20251031","153549","Yes"
"202509300004","20251205","152512","Yes"
"202510010002","20251214","142728","Yes"
"202510030004","20251216","132149","Yes"
"202510040004","20251016","132149","Yes"
"202510050004","20251202","114513","Yes"
"202510050008","20251230","131421","Yes"
"202510060009","20251226","111550","Yes"
"202510070001","20251101","142728","Yes"
"202510070004","20251203","152512","Yes"
"202510090002","20251228","103050","Yes"
"202510090003","20251020","154707","Yes"
"202510100002","20251103","111550","Yes"
"202510100009","20260103","103050","Yes"
"202510110001","20251217","114513","Yes"
"202510120004","20251101","132149","Yes"
"202510120005","20251129","154707","Yes"
"202510130001","20251020","152512","Yes"
"202510150001","20251108","101052","Yes"
"202510150005","20251103","142728","Yes"
"202510170001","20251219","115520","Yes"
"202510170002","20251020","153549","Yes"
"202510170003","20251117","115520","Yes"
"202510170004","20260105","154707","Yes"
"202510180004","20251025","154707","Yes"
"202510180005","20251105","131421","Yes"
"202510200002","20251110","103050","Yes"
"202510210005","20251130","142728","Yes"
"202510220002","20260101","111550","Yes"
"202510230004","20260101","140555","Yes"
"202510240001","20251027","114513","Yes"
"202510250001","20251101","103050","Yes"
"202510270005","20251210","131011","Yes"
"202510280002","20260105","115520","Yes"
"202510300003","20260101","142728","Yes"
"202510300005","20251106","142728","Yes"
"202510310002","20251206","152512","Yes"
"202510310003","20251226","142728","Yes"
"202510310005","20260102","111550","Yes"
"202510310006","20260124","140555","Yes"
"202510310007","20251113","131011","Yes"
"202511010005","20260118","115520","Yes"
"202511020003","20251102","114513","Yes"
"202511030002","20251116","114513","Yes"
"202511060004","20251203","142728","Yes"
"202511090002","20251226","114513","Yes"
"202511100005","20251216","131011","Yes"
"202511100007","20260109","142728","Yes"
"202511100009","20260203","143428","Yes"
"202511110001","20260103","111550","Yes"
"202511110004","20251129","131011","Yes"
"202511130004","20251128","140555","Yes"
"202511150009","20251117","111550","Yes"
"202511150010","20260211","095512","Yes"
"202511160002","20260108","114513","Yes"
"202511160004","20251119","131011","Yes"
"202511160006","20251215","131011","Yes"
"202511170002","20251230","154707","Yes"
"202511170003","20260129","132149","Yes"
"202511170004","20251209","152512","Yes"
"202511180002","20251121","142728","Yes"
"202511190002","20251206","114513","Yes"
"202511200002","20260112","152512","Yes"
"202511200003","20260101","153549","Yes"
"202511230001","20251208","095512","Yes"
"202511250003","20260212","143428","Yes"
"202511270002","20260207","095512","Yes"
"202511280005","20251213","140555","Yes"
"202511280006","20260117","131011","Yes"
"202511280007","20251128","140555","Yes"
"202511280008","20260102","131011","Yes"
"202511290004","20260131","103050","Yes"
"202511290005","20251219","095512","Yes"
"202511300002","20251206","154707","Yes"
"202512010003","20260116","152512","Yes"
"202512010004","20260121","132149","Yes"
"202512010006","20260127","131011","Yes"
"202512020004","20260203","142728","Yes"
"202512030001","20260101","101052","Yes"
"202512030002","20260105","153549","Yes"
"202512040003","20260127","131011","Yes"
"202512050003","20260210","103050","Yes"
"202512050005","20260105","154707","Yes"
"202512050006","20260201","131421","Yes"
"202512060006","20260220","101052","Yes"
"202512080001","20260208","095512","Yes"
"202512080004","20260228","152512","Yes"
"202512100004","20260302","142728","Yes"
"202512110001","20260306","101052","Yes"
"202512160002","20260210","131011","Yes"
"202512160005","20260301","115520","Yes"
"202512180001","20260228","095512","Yes"
"202512180006","20260215","115520","Yes"
"202512190004","20260214","142728","Yes"
"202512190005","20260116","143428","Yes"
"202512200001","20260118","152512","Yes"
"202512200003","20260127","115520","Yes"
"202512200004","20251230","142728","Yes"
"202512210002","20260302","154707","Yes"
"202512220002","20260227","152512","Yes"
"202512220004","20260316","103050","Yes"
"202512260001","20260106","101052","Yes"
"202512290002","20260110","103050","Yes"
"202512290003","20260202","154707","Yes"
"202512290008","20260321","131421","Yes"
"202512300002","20260309","132149","Yes"
"202512310001","20260111","153549","Yes"
"202512310006","20260326","111550","Yes"
"LA3333000002","20230715","115520","Yes"
"LA3333000011","20230831","095512","Yes"
"LA3333000016","20230728","103050","Yes"
"LA3333000022","20230716","114513","Yes"
"LA3333000023","20230811","132149","Yes"
"LA3333000025","20230717","153549","Yes"
"LA3333000027","20230829","111550","Yes"
"LA3333000028","20230812","131421","Yes"
"LA3333000030","20230830","152512","Yes"
"LA3333000033","20230715","131011","Yes"
"LA3333000042","20230805","111550","Yes"
"LA3333000044","20230718","142728","Yes"
"LA3333000045","20230725","152512","Yes"
"LA3333000048","20230727","131011","Yes"
"LA3333000051","20230818","101052","Yes"
"LA3333000056","20230718","095512","Yes"
"LA3333000073","20230722","131421","Yes"
"LA3333000076","20230805","103050","Yes"
"LA3333000088","20230730","131421","Yes"
"LA3333000093","20230730","131011","Yes"
"LA3333000096","20230811","101052","Yes"
"LA3333000099","20230905","143428","Yes"
"LA3333000107","20230802","115520","Yes"
"LA3333000110","20230802","154707","Yes"
"LA3333000117","20230729","111550","Yes"
"LA3333000122","20230811","115520","Yes"
"LA3333000124","20230902","140555","Yes"
"LA3333000125","20230731","154707","Yes"
"LA3333000126","20230730","101052","Yes"
"LA3333000131","20230805","095512","Yes"
"LA3333000146","20230808","095512","Yes"
"LA3333000153","20230809","131011","Yes"
"LA3333000156","20230806","101052","Yes"
"LA3333000165","20230824","152512","Yes"
"LA3333000170","20230913","154707","Yes"
"LA3333000173","20230809","132149","Yes"
"LA3333000180","20230818","152512","Yes"
"LA3333000188","20230815","132149","Yes"
"LA3333000200","20230911","154707","Yes"
"LA3333000209","20230930","142728","Yes"
"LA3333000213","20230815","131011","Yes"
"LA3333000214","20230901","140555","Yes"
"LA3333000217","20230820","114513","Yes"
"LA3333000229","20230918","140555","Yes"
"LA3333000230","20230826","154707","Yes"
"LA3333000233","20231011","132149","Yes"
"LA3333000234","20230819","143428","Yes"
"LA3333000248","20230825","132149","Yes"
"LA3333000251","20230829","095512","Yes"
"LA3333000254","20230826","142728","Yes"
"LA3333000259","20230826","140555","Yes"
"LA3333000268","20230903","131421","Yes"
"LA3333000269","20231013","142728","Yes"
"LA3333000277","20231012","114513","Yes"
"LA3333000279","20230912","143428","Yes"
"LA3333000284","20230829","142728","Yes"
"LA3333000290","20230907","154707","Yes"
"LA3333000291","20230927","101052","Yes"
"LA3333000295","20230901","153549","Yes"
"LA3333000296","20230907","095512","Yes"
"LA3333000297","20230904","111550","Yes"
"LA3333000301","20231016","103050","Yes"
"LA3333000302","20230901","115520","Yes"
"LA3333000303","20230902","131011","Yes"
"LA3333000308","20230905","132149","Yes"
"LA3333000314","20230906","142728","Yes"
"LA3333000316","20231024","103050","Yes"
"LA3333000317","20230908","115520","Yes"
"LA3333000318","20230904","131011","Yes"
"LA3333000321","20231007","101052","Yes"
"LA3333000324","20230908","143428","Yes"
"LA3333000329","20231001","142728","Yes"
"LA3333000342","20230915","111550","Yes"
"LA3333000349","20230920","140555","Yes"
"LA3333000352","20230911","114513","Yes"
"LA3333000355","20230913","153549","Yes"
"LA3333000364","20230919","140555","Yes"
"LA3333000377","20230916","115520","Yes"
"LA3333000378","20230919","131011","Yes"
"LA3333000381","20230916","101052","Yes"
"LA3333000392","20231031","115520","Yes"
"LA3333000395","20230919","154707","Yes"
"LA3333000403","20230929","131421","Yes"
"LA3333000404","20231019","142728","Yes"
"LA3333000408","20231022","131011","Yes"
"LA3333000410","20230929","154707","Yes"
"LA3333000411","20230923","101052","Yes"
"LA3333000412","20231003","114513","Yes"
"LA3333000417","20231026","111550","Yes"
"LA3333000421","20231018","103050","Yes"
"LA3333000429","20230926","143428","Yes"
"LA3333000440","20231114","154707","Yes"
"LA3333000444","20231006","143428","Yes"
"LA3333000450","20231011","152512","Yes"
"LA3333000451","20230930","103050","Yes"
"LA3333000453","20231028","131011","Yes"
"LA3333000456","20231022","101052","Yes"
"LA3333000462","20231002","111550","Yes"
"LA3333000465","20231006","152512","Yes"
"LA3333000468","20231002","131011","Yes"
"LA3333000471","20231010","101052","Yes"
"LA3333000472","20231116","114513","Yes"
"LA3333000479","20231008","142728","Yes"
"LA3333000480","20231009","152512","Yes"
"LA3333000482","20231005","115520","Yes"
"LA3333000483","20231024","131011","Yes"
"LA3333000484","20231117","140555","Yes"
"LA3333000496","20231015","103050","Yes"
"LA3333000507","20231016","111550","Yes"
"LA3333000518","20231030","132149","Yes"
"LA3333000520","20231024","153549","Yes"
"LA3333000521","20231127","095512","Yes"
"LA3333000525","20231105","152512","Yes"
"LA3333000542","20231021","115520","Yes"
"LA3333000544","20231202","140555","Yes"
"LA3333000545","20231017","154707","Yes"
"LA3333000554","20231111","142728","Yes"
"LA3333000559","20231025","140555","Yes"
"LA3333000561","20231021","101052","Yes"
"LA3333000566","20231025","095512","Yes"
"LA3333000568","20231028","131421","Yes"
"LA3333000570","20231027","152512","Yes"
"LA3333000573","20231030","131011","Yes"
"LA3333000580","20231028","153549","Yes"
"LA3333000584","20231029","142728","Yes"
"LA3333000585","20231025","152512","Yes"
"LA3333000587","20231201","115520","Yes"
"LA3333000593","20231024","132149","Yes"
"LA3333000600","20231104","152512","Yes"
"LA3333000610","20231102","153549","Yes"
"LA3333000616","20231030","103050","Yes"
"LA3333000625","20231106","153549","Yes"
"LA3333000629","20231104","142728","Yes"
"LA3333000630","20231111","152512","Yes"
"LA3333000631","20231106","103050","Yes"
"LA3333000633","20231102","131011","Yes"
"LA3333000637","20231219","114513","Yes"
"LA3333000644","20231112","142728","Yes"
"LA3333000645","20231114","152512","Yes"
"LA3333000646","20231106","103050","Yes"
"LA3333000647","20231111","115520","Yes"
"LA3333000649","20231113","140555","Yes"
"LA3333000652","20231109","114513","Yes"
"LA3333000656","20231216","095512","Yes"
"LA3333000660","20231108","152512","Yes"
"LA3333000663","20231109","131011","Yes"
"LA3333000667","20231113","114513","Yes"
"LA3333000668","20231110","132149","Yes"
"LA3333000672","20231228","111550","Yes"
"LA3333000675","20231116","152512","Yes"
"LA3333000682","20231227","114513","Yes"
"LA3333000693","20231119","131011","Yes"
"LA3333000697","20231121","114513","Yes"
"LA3333000712","20231124","114513","Yes"
"LA3333000715","20231119","153549","Yes"
"LA3333000717","20240102","111550","Yes"
"LA3333000719","20231205","142728","Yes"
"LA3333000727","20231218","114513","Yes"
"LA3333000738","20231202","131011","Yes"
"LA3333000741","20231123","101052","Yes"
"LA3333000742","20231202","114513","Yes"
"LA3333000747","20231128","111550","Yes"
"LA3333000756","20231229","101052","Yes"
"LA3333000764","20231204","142728","Yes"
"LA3333000765","20240109","152512","Yes"
"LA3333000767","20231201","115520","Yes"
"LA3333000771","20240114","101052","Yes"
"LA3333000791","20240102","095512","Yes"
"LA3333000796","20231210","103050","Yes"
"LA3333000801","20231209","101052","Yes"
"LA3333000810","20240114","152512","Yes"
"LA3333000815","20231213","154707","Yes"
"LA3333000816","20240102","101052","Yes"
"LA3333000817","20240101","114513","Yes"
"LA3333000822","20231215","111550","Yes"
"LA3333000823","20231207","131421","Yes"
"LA3333000824","20231214","142728","Yes"
"LA3333000829","20231231","140555","Yes"
"LA3333000834","20231215","143428","Yes"
"LA3333000840","20231210","152512","Yes"
"LA3333000841","20240105","103050","Yes"
"LA3333000847","20240120","114513","Yes"
"LA3333000850","20231214","153549","Yes"
"LA3333000854","20231222","142728","Yes"
"LA3333000863","20231222","132149","Yes"
"LA3333000866","20240123","095512","Yes"
"LA3333000868","20231221","131421","Yes"
"LA3333000870","20240111","152512","Yes"
"LA3333000876","20240107","101052","Yes"
"LA3333000877","20231216","114513","Yes"
"LA3333000901","20240105","111550","Yes"
"LA3333000913","20240101","143428","Yes"
"LA3333000915","20240105","095512","Yes"
"LA3333000916","20231224","111550","Yes"
"LA3333000932","20231229","142728","Yes"
"LA3333000936","20240218","131011","Yes"
"LA3333000938","20240121","154707","Yes"
"LA3333000939","20240104","101052","Yes"
"LA3333000943","20231231","153549","Yes"
"LA3333000945","20240105","111550","Yes"
"LA3333000947","20240101","142728","Yes"
"LA3333000954","20240103","101052","Yes"
"LA3333000955","20240110","114513","Yes"
"LA3333000958","20240108","153549","Yes"
"LA3333000981","20240112","131011","Yes"
"LA3333000983","20240130","115520","Yes"
"LA3333000989","20240219","132149","Yes"
"LA3333000992","20240111","095512","Yes"
"LA3333000997","20240113","103050","Yes"
"LA3333001003","20240111","114513","Yes"
"LA3333001004","20240127","132149","Yes"
"LA3333001006","20240213","153549","Yes"
"LA3333001008","20240113","111550","Yes"
"LA3333001009","20240129","131421","Yes"
"LA3333001011","20240112","152512","Yes"
"LA3333001014","20240117","131011","Yes"
"LA3333001023","20240118","111550","Yes"
"LA3333001025","20240123","142728","Yes"
"LA3333001026","20240301","152512","Yes"
"LA3333001027","20240117","103050","Yes"
"LA3333001029","20240123","131011","Yes"
"LA3333001032","20240123","101052","Yes"
"LA3333001037","20240120","095512","Yes"
"LA3333001042","20240124","103050","Yes"
"LA3333001054","20240308","131421","Yes"
"LA3333001057","20240224","103050","Yes"
"LA3333001061","20240129","154707","Yes"
"LA3333001066","20240307","153549","Yes"
"LA3333001069","20240126","131421","Yes"
"LA3333001074","20240131","131011","Yes"
"LA3333001077","20240201","101052","Yes"
"LA3333001080","20240201","143428","Yes"
"LA3333001084","20240206","131421","Yes"
"LA3333001088","20240126","115520","Yes"
"LA3333001089","20240127","131011","Yes"
"LA3333001091","20240203","154707","Yes"
"LA3333001098","20240204","111550","Yes"
"LA3333001103","20240216","115520","Yes"
"LA3333001105","20240207","140555","Yes"
"LA3333001106","20240224","154707","Yes"
"LA3333001107","20240309","101052","Yes"
"LA3333001108","20240202","114513","Yes"
"LA3333001112","20240208","095512","Yes"
"LA3333001115","20240205","142728","Yes"
"LA3333001127","20240308","095512","Yes"
"LA3333001134","20240203","131011","Yes"
"LA3333001137","20240211","101052","Yes"
"LA3333001146","20250214","152512","Yes"
"LA3333001151","20240311","154707","Yes"
"LA3333001154","20240208","132149","Yes"
"LA3333001156","20240221","153549","Yes"
"LA3333001161","20240318","152512","Yes"
"LA3333001163","20240211","115520","Yes"
"LA3333001169","20240211","132149","Yes"
"LA3333001180","20240213","140555","Yes"
"LA3333001181","20240330","154707","Yes"
"LA3333001190","20240223","142728","Yes"
"LA3333001194","20240228","131011","Yes"
"LA3333001195","20240222","140555","Yes"
"LA3333001198","20240216","114513","Yes"
"LA3333001210","20240329","140555","Yes"
"LA3333001211","20240220","154707","Yes"
"LA3333001214","20240410","132149","Yes"
"LA3333001215","20240227","143428","Yes"
"LA3333001216","20240406","153549","Yes"
"LA3333001217","20240225","095512","Yes"
"LA3333001229","20240409","132149","Yes"
"LA3333001232","20240228","095512","Yes"
"LA3333001234","20240314","131421","Yes"
"LA3333001235","20240317","142728","Yes"
"LA3333001240","20240302","140555","Yes"
"LA3333001249","20240324","131421","Yes"
"LA3333001250","20240229","142728","Yes"
"LA3333001251","20240411","152512","Yes"
"LA3333001258","20240229","114513","Yes"
"LA3333001260","20240403","143428","Yes"
"LA3333001265","20240312","142728","Yes"
"LA3333001271","20240307","154707","Yes"
"LA3333001272","20240305","101052","Yes"
"LA3333001276","20240305","153549","Yes"
"LA3333001277","20240420","095512","Yes"
"LA3333001278","20240310","111550","Yes"
"LA3333001280","20240401","142728","Yes"
"LA3333001282","20240307","103050","Yes"
"LA3333001283","20240417","115520","Yes"
"LA3333001284","20240302","131011","Yes"
"LA3333001286","20240326","154707","Yes"
"LA3333001289","20240303","132149","Yes"
"LA3333001295","20240416","142728","Yes"
"LA3333001297","20240311","103050","Yes"
"LA3333001298","20240320","115520","Yes"
"LA3333001299","20240404","131011","Yes"
"LA3333001302","20240415","101052","Yes"
"LA3333001305","20240422","143428","Yes"
"LA3333001310","20240426","142728","Yes"
"LA3333001313","20240424","115520","Yes"
"LA3333001321","20240330","153549","Yes"
"LA3333001323","20240314","111550","Yes"
"LA3333001324","20240313","131421","Yes"
"LA3333001330","20240314","140555","Yes"
"LA3333001333","20240405","114513","Yes"
"LA3333001336","20240402","153549","Yes"
"LA3333001344","20240320","131011","Yes"
"LA3333001345","20240410","140555","Yes"
"LA3333001358","20240318","115520","Yes"
"LA3333001359","20240426","131011","Yes"
"LA3333001362","20240320","101052","Yes"
"LA3333001369","20240510","131421","Yes"
"LA3333001373","20240322","115520","Yes"
"LA3333001376","20240323","154707","Yes"
"LA3333001384","20240327","131421","Yes"
"LA3333001385","20240426","142728","Yes"
"LA3333001389","20240323","131011","Yes"
"LA3333001391","20240328","154707","Yes"
"LA3333001392","20240426","101052","Yes"
"LA3333001393","20240329","114513","Yes"
"LA3333001396","20240328","153549","Yes"
"LA3333001398","20240404","111550","Yes"
"LA3333001402","20240415","103050","Yes"
"LA3333001410","20240403","143428","Yes"
"LA3333001421","20240411","154707","Yes"
"LA3333001425","20240406","143428","Yes"
"LA3333001431","20240407","152512","Yes"
"LA3333001432","20240427","103050","Yes"
"LA3333001434","20240521","131011","Yes"
"LA3333001437","20240409","101052","Yes"
"LA3333001440","20240429","143428","Yes"
"LA3333001443","20240519","111550","Yes"
"LA3333001446","20240409","152512","Yes"
"LA3333001449","20240523","131011","Yes"
"LA3333001452","20240418","101052","Yes"
"LA3333001453","20240405","114513","Yes"
"LA3333001460","20240406","142728","Yes"
"LA3333001461","20240520","152512","Yes"
"LA3333001463","20240507","115520","Yes"
"LA3333001464","20240413","131011","Yes"
"LA3333001465","20240406","140555","Yes"
"LA3333001477","20240502","103050","Yes"
"LA3333001488","20240412","111550","Yes"
"LA3333001499","20240602","132149","Yes"
"LA3333001501","20240419","153549","Yes"
"LA3333001502","20240418","095512","Yes"
"LA3333001506","20240414","152512","Yes"
"LA3333001508","20240416","115520","Yes"
"LA3333001512","20240414","101052","Yes"
"LA3333001523","20240421","115520","Yes"
"LA3333001525","20240423","140555","Yes"
"LA3333001526","20240416","154707","Yes"
"LA3333001535","20240419","142728","Yes"
"LA3333001540","20240501","140555","Yes"
"LA3333001542","20240531","101052","Yes"
"LA3333001547","20240427","095512","Yes"
"LA3333001549","20240608","131421","Yes"
"LA3333001551","20240423","152512","Yes"
"LA3333001554","20240426","131011","Yes"
"LA3333001561","20240426","153549","Yes"
"LA3333001565","20240501","142728","Yes"
"LA3333001566","20240518","152512","Yes"
"LA3333001568","20240430","115520","Yes"
"LA3333001574","20240428","132149","Yes"
"LA3333001581","20240603","152512","Yes"
"LA3333001587","20240514","101052","Yes"
"LA3333001591","20240506","153549","Yes"
"LA3333001597","20240521","103050","Yes"
"LA3333001606","20240526","153549","Yes"
"LA3333001610","20240503","142728","Yes"
"LA3333001611","20240615","152512","Yes"
"LA3333001612","20240505","103050","Yes"
"LA3333001614","20240616","131011","Yes"
"LA3333001618","20240505","114513","Yes"
"LA3333001625","20240512","142728","Yes"
"LA3333001626","20240511","152512","Yes"
"LA3333001627","20240506","103050","Yes"
"LA3333001628","20240513","115520","Yes"
"LA3333001630","20240521","140555","Yes"
"LA3333001633","20240512","114513","Yes"
"LA3333001637","20240622","095512","Yes"
"LA3333001639","20240508","131421","Yes"
